vod_id,category,duration_hours,ground_truth_moments,candidates_hit,candidates_total,candidates_usable,duplicate_candidates,cut_context_candidates,render_ok,project_ok,time_saved_percent,windows_version,gpu,notes
VOD-001,,,,,,,,,,,,,,
VOD-002,,,,,,,,,,,,,,
VOD-003,,,,,,,,,,,,,,
VOD-004,,,,,,,,,,,,,,
VOD-005,,,,,,,,,,,,,,
VOD-006,,,,,,,,,,,,,,
VOD-007,,,,,,,,,,,,,,
VOD-008,,,,,,,,,,,,,,
VOD-009,,,,,,,,,,,,,,
VOD-010,,,,,,,,,,,,,,
VOD-011,,,,,,,,,,,,,,
VOD-012,,,,,,,,,,,,,,
VOD-013,,,,,,,,,,,,,,
VOD-014,,,,,,,,,,,,,,
VOD-015,,,,,,,,,,,,,,
VOD-016,,,,,,,,,,,,,,
VOD-017,,,,,,,,,,,,,,
VOD-018,,,,,,,,,,,,,,
VOD-019,,,,,,,,,,,,,,
VOD-020,,,,,,,,,,,,,,
VOD-021,,,,,,,,,,,,,,
VOD-022,,,,,,,,,,,,,,
VOD-023,,,,,,,,,,,,,,
VOD-024,,,,,,,,,,,,,,
VOD-025,,,,,,,,,,,,,,
VOD-026,,,,,,,,,,,,,,
VOD-027,,,,,,,,,,,,,,
VOD-028,,,,,,,,,,,,,,
VOD-029,,,,,,,,,,,,,,
VOD-030,,,,,,,,,,,,,,
